building_collapse,crash,earthquake,explosion,flood,haze,meteor,shoot,typhoon,wildfire
bangladesh,train,earthquake,boston,flood,sghaze,meteor,lax,typhoon,fire
collapse,crash,terremoto,amuay,sardegna,psi,russia,shoot,philippines,colorado
build,helicopter,guatemala,texas,bigwet,singapore,russian,airport,haiyan,brazil
toll,derailment,costa,explosion,rescueph,haze,injure,suspect,pablo,nightclub
factory,glasgow,rica,prayforboston,colorado,update,hit,tsa,bopha,spring
death,new,philippines,west,help,hour,chelyabinsk,los,help,santamaria
kill,tren,sismo,marathon,please,read,shower,angeles,yolandaph,pray
savar,york,magnitude,bomb,need,hit,people,kill,victims,affect
garment,nyc,quake,plant,manila,indonesia,video,report,donate,everyone
pass,dead,tsunami,refiner,via,range,blast,shooter,pray,wildfire
dead,spain,hit,prayfortexas,calgary,like,meteorite,victims,super,kiss
dhaka,kill,por,fertilizer,people,issue,explode,agent,relief,boate
find,clutha,costarica,prayers,water,record,strike,terminal,need,sad
people,injure,del,waco,rain,unhealthy,explosion,say,via,hear
say,pub,bohol,people,per,break,via,people,people,australia
rana,santiago,que,que,australia,lol,hundreds,police,hit,tragedy
plaza,people,magnitud,venezuela,yyc,highest,chelly,break,affect,nsw
top,police,strike,explosi,safe,mask,fall,gunman,please,que
break,compostela,alerta,los,rescue,get,earth,custody,yolanda,home
bangla,espa,coast,bostonmarathon,affect,seriously,asteroid,prayers,dead,people
pakistan,back,scossa,chicago,storm,nltraffic,ukraine,lacrosse,manila,burn
create,accident,honduras,oklahoma,regione,gsignz,ukrainian,catch,tacloban,near
war,plane,colombia,refineria,campania,sigma,vladivostok,incheon,juan,connecticut
store,helicopters,diego,florida,ohcanada,theta,krasnodar,heathrow,carlos,texas
maker,derail,villa,ohio,reddeer,thailand,bath,bomb,miguel,portugal
murder,birmingham,rico,explosions,wind,malaysia,bathroom,batho,jelawat,spain
let,dublin,deliciosa,newtown,connecticut,fog,videos,tse,notajoke,marquee
peshawar,vuelo,typhoon,east,texas,breeze,youtube,esos,itsmorefuninthephilippines,tryst
dockyard,bondi,manila,south,pls,hours,bomb,estos,survivors,summer
bangladeshi,chicago,temblor,shoot,get,minutes,quake,york,families,winter
textile,angeles,tornado,blast,take,write,ovaries,chicago,donation,saenz
take,toronto,topan,farm,cebu,book,attack,let,prayers,montesano
put,death,porque,patrician,philippines,indonesian,explosions,survivors,mega,prayers
walk,walk,como,oracles,url,remaja,url,families,top,everybody
tell,germany,puravida,dreadingit,blog,large,blog,agents,aid,wildfires
know,italy,puertorico,fertiliser,edmonton,price,thousands,owner,get,hug
samaha,let,iloilo,pray,winnipeg,know,several,metro,take,bad
colita,haymarket,palawan,mcallen,salt,release,tiffani,plaza,url,feel
hotel,consett,tal,pasadena,drink,recor,tiffy,tell,blog,tell
parque,pubs,preliminar,tal,snow,appetite,world,know,pls,canada
